feeling,hex
better,FFA401
bad,07548A
good,FFF700
right,E97802
guilty,004E6F
sick,2E9127
same,017E94
shit,00553A
sorry,00696F
well,E6C637
down,18213E
alone,595884
happy,FF7F00
great,FFD801
comfortable,40B6B8
sad,043F69
free,7EC31B
lost,14872
stupid,27975
tired,273E67
weird,F70059
lonely,08468F
old,352C65
home,263D67
ill,11581C
horrible,E4010A
off,0A3B8A
different,EA3137
whole,FE992D
pretty,F44387
safe,3688BA
done,1B2958
special,F30263
wrong,73207C
empty,3A4AA1
loved,F30172
worse,243C96
depressed,283152
fine,99D013
new,99CF15
hurt,235C93
terrible,99001E
best,FFFF4F
close,274784
real,41A84D
confident,FF7F00
uncomfortable,1E3869
lucky,FED73C
awful,CB1F13
crying,992F93
shitty,00744E
missing,015B5C
accomplished,FEA53F
big,FF6600
cold,3FB6BA
complete,B2DB11
first,FDD93B
head,FDD93D
alive,64B822
used,552966
important,E6AB0F
crappy,00734E
hard,4A688C
ok,FF7F1C
ready,FB9A27
able,C36619
okay,F1B62A
wanted,E4302F
fat,FD0100
sure,E49202
lazy,4E5F7B
nice,FD9927
strong,FFB200
stuck,0B4FA0
compelled,017C8C
blessed,187429
strange,F30157
awkward,2D6E8A
warm,FF4B02
certain,FE9901
weak,196C62
overwhelmed,263F67
normal,84892
proud,FFB300
helpless,26874
full,A5238D
stressed,9256A0
behind,312675
mean,950125
dumb,2C558B
hot,FF1A00
dead,C80027
deep,41B3BD
trapped,7C5081
true,FFD93C
crazy,F3026D
angry,E0192C
dirty,034E6D
small,28669F
drained,394378
useless,7D1842
low,3A578F
ashamed,9C0047
both,B2DB11
nervous,28ADCE
high,B2DC10
obligated,11581C
huge,E4010A
numb,E49202
young,00744E
miserable,FF7F1C
baby,FFA401
closer,99D013
upset,FFF700
silly,950125
relaxed,FED73C
morning,263F67
cool,FFFF4F
bored,312675
gross,015B5C
scared,FF7F1C
worthless,40B6B8
confused,73207C
walking,196C62
man,00744E
blah,B2DC10
dizzy,FFF700
wonderful,99001E
needed,273E67
eating,73207C
odd,FFFF4F
playing,FFFF4F
sleepy,14872
skin,552966
excited,FE9829
amazing,00734E
whatever,FF7F00
light,E49202
knowing,4E5F7B
productive,FD9927
selfish,FED73C
exhausted,004E6F
relieved,18213E
funny,004E6F
fun,034E6D
beautiful,3FB6BA
human,99D013
happier,18213E
alright,FFFF4F
wasting,015B5C
content,A5238D
growing,EA3137
ugly,18213E
hungry,F30157
secure,00744E
broken,E4010A
changed,FE9901
super,08468F
frustrated,0A3B8A
missed,08468F
grown,263D67
open,FF7F00
icky,40B6B8
connected,263D67
refreshed,F30263
awesome,015B5C
wasted,043F69
anxious,595884
blue,28ADCE
fit,0A3B8A
insecure,E4010A
inspired,F44387
seen,E4302F
older,F70059
pathetic,FEA53F
drunk,3A4AA1
afraid,FDD93D
known,FFB200
found,00553A
calm,7D1842
positive,243C96
sharing,0A3B8A
worst,B2DC10
necessary,00553A
turned,FFFF4F
slipping,00553A
nauseous,015B5C
mad,F44387
cut,FFB300
responsible,99D013
side,1E3869
disappointed,E97802
emotional,2D6E8A
awake,017C8C
inadequate,FFF700
waste,1E3869
current,7EC31B
motivated,FDBF2C
lame,18213E
disconnected,07548A
entire,235C93
creative,27975
short,4A688C
future,FF7F00
hopeless,FF6600
satisfied,1E3869
million,F30157
driving,00696F
perfect,352C65
power,FF7F1C
holding,552966
boring,0A3B8A
fool,0A3B8A
changing,C36619
isolated,E4010A
breaking,FEA53F
late,FB9A27
ago,9C0047
naked,27975
smart,07548A
rambling,FB9A27
uneasy,043F69
jealous,27975
beat,E97802
heavy,28669F
set,FF6600
dancing,263F67
welcome,00553A
happening,FF6600
restless,14872
busy,FD9927
pissed,FF7F00
torn,FEA740
distant,EA3137
vulnerable,F1B62A
personal,FD9927
clean,283152
turning,015B5C
embarrassed,017E94
standing,7D1842
beginning,2C558B
failed,950125
fucked,595884
obliged,FFB200
spent,F30263
express,26874
optimistic,73207C
sore,F3026D
deal,28ADCE
tried,26874
burning,FE992D
random,7D1842
darn,273E67
disgusting,FB9A27
healthy,73207C
nostalgic,73207C
wearing,F30263
social,3A4AA1
sexy,283152
learned,552966
fast,196C62
bleeding,99D013
rested,7D1842
killing,E6AB0F
glad,F30263
rusty,2D6E8A
middle,2C558B
asking,41B3BD
prepared,FE9901
justified,1B2958
absolute,00734E
extra,312675
inclined,FD0100
violated,FEA53F
ripped,17977
dark,00744E
fortunate,2D6E8A
biggest,FFD801
burnt,4A688C
hanging,18213E
fake,CB1F13
worried,00744E
abandoned,FD0100
easy,08468F
honest,28669F
due,7C5081
general,FF7F1C
pulled,FD9927
group,28669F
drinking,C80027
threatened,FF6600
won,1B2958
possible,73207C
lying,FF7F00
interesting,FE9901
bitter,E49202
unloved,017E94
poor,FE9901
building,034E6D
akin,FFD93C
sound,FFFF4F
grateful,283152
annoyed,C36619
slow,187429
weather,3A578F
forgotten,017E94
major,7EC31B
fly,352C65
lousy,9256A0
neglected,235C93
insane,EA3137
floating,E6AB0F
written,243C96
involved,FE9901
inferior,015B5C
moved,263D67
unhappy,FF7F1C
vital,FED73C
ignored,FED73C
cramped,40B6B8
clear,595884
honored,FDD93D
fair,00734E
forced,11581C
rejected,F3026D
forward,00744E
grab,3A4AA1
faint,64B822
negative,26874
worked,273E67
party,F30157
utter,99001E
easier,034E6D
fantastic,2C558B
serious,FFB200
unwanted,84892
foolish,274784
heard,FEA53F
fresh,11581C
pushing,FDBF2C
pushed,FDD93B
useful,F1B62A
particular,FB9A27
across,FF7F00
retarded,00553A
giddy,9C0047
rush,235C93
paper,9256A0
ridiculous,73207C
fighting,F30172
minute,00734E
appreciated,004E6F
drifting,99D013
level,2E9127
intense,FF7F00
sweet,187429
tiny,2E9127
evil,FE9901
black,FFF700
yucky,41B3BD
invisible,4A688C
worn,07548A
bloated,FF7F1C
rich,595884
homesick,0A3B8A
further,004E6F
rushed,FDD93D
gay,CB1F13
worthy,312675
appropriate,FFB300
soft,3A4AA1
choice,F44387
early,28669F
burst,18213E
passing,E6C637
powerful,E0192C
deprived,312675
rough,17977
straight,0A3B8A
screwed,FB9A27
pressured,394378
singing,043F69
queasy,3A578F
lifted,263D67
front,2E9127
incomplete,FFF700
spring,FF7F00
adult,2E9127
sudden,1E3869
desperate,84892
broke,3FB6BA
country,283152
hollow,9256A0
detached,FFB300
defeated,B2DC10
state,C36619
conscious,73207C
blame,FFB300
lethargic,07548A
powerless,7C5081
disgusted,2E9127
constant,FE9901
bigger,273E67
annoying,017E94
spoiled,394378
tight,0A3B8A
cheating,004E6F
similar,F1B62A
shut,595884
slight,C36619
interested,FDD93D
bottomed,99D013
kept,004E6F
natural,0B4FA0
younger,41A84D
bottom,017E94
decent,3A578F
winter,7C5081
shy,FF7F1C
peaceful,7C5081
accepted,FFD93C
exact,26874
acting,9C0047
difficult,283152
non,41A84D
tense,00734E
energetic,1E3869
lacking,08468F
subject,00744E
ground,84892
ahead,FF7F1C
attached,00744E
loving,004E6F
settled,28669F
sister,CB1F13
thankful,27975
wet,FB9A27
capable,FF7F1C
pointless,00734E
physical,7D1842
usual,C36619
familiar,7C5081
liked,FB9A27
blank,14872
loose,00734E
laughing,18213E
otherwise,263D67
empowered,235C93
english,0A3B8A
present,E4302F
anti,C80027
drawn,14872
stopped,FFA401
cute,274784
incredible,84892
hopeful,7D1842
pure,FF7F00
large,043F69
failing,FD9927
static,FFA401
cheap,F44387
white,196C62
superior,2E9127
fulfilled,EA3137
panic,00734E
groggy,F30263
complaining,2E9127
mixed,1B2958
paranoid,A5238D
greatest,263F67
shot,FFA401
actual,FF7F00
common,FD0100
giant,FD9927
treated,99CF15
quiet,F30172
cutting,034E6D
dread,FB9A27
closest,64B822
simple,11581C
nauseated,FFD93C
war,FEA53F
mature,00744E
crushed,FED73C
finished,950125
unprepared,E0192C
allowed,235C93
closing,C80027
pleased,E97802
intimidated,FE992D
rotten,243C96
woozy,015B5C
filled,E4010A
liberated,2D6E8A
ended,7EC31B
attractive,CB1F13
red,FFB200
public,00744E
meaning,283152
lower,FF6600
extreme,3A578F
opposite,27975
healthier,FFB300
understanding,FD0100
several,273E67
thrown,FF7F1C
touched,FFB200
jumping,F3026D
passionate,73207C
rising,2E9127
bound,FED73C
discouraged,17977
four,FFB300
bloody,017C8C
fallen,1B2958
offended,84892
willing,FF4B02
independent,187429
insulted,99CF15
spinning,043F69
unsure,FFD93C
born,F30157
likely,992F93
business,196C62
semi,73207C
melancholy,FE9901
pregnant,FFFF4F
daily,3A4AA1
touching,B2DB11
earlier,273E67
aware,FE9901
painful,F44387
hearing,034E6D
experienced,11581C
potential,FD9927
staring,273E67
tied,FDBF2C
luckiest,4E5F7B
generous,41B3BD
led,FDD93B
fading,73207C
nasty,263F67
surrounded,FF1A00
damned,FB9A27
immense,A5238D
unmotivated,FFB300
unable,3688BA
impossible,2C558B
void,00734E
shell,992F93
rude,552966
magic,00696F
pop,004E6F
sluggish,FE9901
privileged,595884
successful,E49202
creeping,4E5F7B
speaking,3688BA
dry,F30263
apathetic,E4302F
closed,015B5C
insignificant,950125
sharp,E49202
bum,73207C
irritated,FD9927
cooking,FD0100
flat,196C62
brave,08468F
greater,552966
exposed,C80027
dull,1B2958
unfair,B2DB11
following,FB9A27
alienated,F3026D
spiritual,FF7F00
stable,F30172
attack,FD0100
unwell,14872
burned,FF7F00
crummy,FFD801
granted,FF6600
store,FD9927
longing,595884
hung,99D013
secret,41B3BD
chill,3A4AA1
american,41A84D
locked,FFD801
understood,0B4FA0
road,00734E
solid,FF7F00
favorite,0A3B8A
related,26874
paid,40B6B8
expected,263D67
flowing,043F69
correct,F70059
bitchy,283152
entitled,1B2958
rid,017C8C
mental,C36619
unworthy,0A3B8A
pressing,FFD93C
shaking,FE9901
slightest,28ADCE
star,FE9829
popular,243C96
worthwhile,394378
fragile,F30172
ripping,28669F
based,C80027
figured,99D013
setting,FDD93D
exciting,17977
blind,243C96
thin,07548A
wondering,004E6F
caring,E0192C
sexual,3688BA
bothered,7EC31B
horrid,99001E
stuffed,034E6D
lovely,187429
thousand,FFB300
regular,552966
unsettled,950125
sane,992F93
shallow,F30157
stale,73207C
wandering,FEA740
final,004E6F
suffering,FDD93D
romantic,EA3137
pretend,7EC31B
cranky,F30172
tough,394378
beaten,B2DC10
higher,F30157
qualified,7D1842
hidden,FF6600
riding,B2DC10
grumpy,FED73C
wide,043F69
proper,00696F
deserved,FE9901
suicidal,18213E
significant,08468F
plain,00696F
curling,FF7F1C
smug,CB1F13
raw,FEA740
feverish,263F67
protected,595884
smiling,FF7F1C
comfy,00744E
wee,FD0100
immature,FE9829
hated,28ADCE
obvious,64B822
leading,017C8C
picked,004E6F
tall,C36619
pm,FFF700
wrapped,73207C
fuzzy,9256A0
eaten,99001E
crack,FF7F00
six,64B822
massive,F70059
uninspired,FFFF4F
suffocating,F30263
girly,FFFF4F
needy,2E9127
sign,1B2958
fabulous,E49202
worrying,A5238D
intelligent,243C96
sometime,263F67
poorly,2C558B
indifferent,FED73C
limited,A5238D
shared,FF7F00
ruined,14872
wise,18213E
tearing,B2DC10
searching,1B2958
sent,FDBF2C
dragging,E4010A
genuine,950125
bright,2D6E8A
outcast,27975
swimming,004E6F
removed,FFB200
private,11581C
smoking,FDBF2C
alien,187429
crashing,EA3137
unsafe,26874
concerned,1B2958
unproductive,FF7F00
pressed,F30157
cross,992F93
overall,08468F
ambitious,3A4AA1
unattractive,015B5C
vindicated,2D6E8A
jack,27975
smaller,41A84D
honoured,243C96
informed,595884
happiest,41B3BD
wicked,187429
dear,00696F
sea,187429
cheerful,40B6B8
cheek,FD9927
claustrophobic,F30157
opened,4A688C
loud,017C8C
yelling,28ADCE
horny,FF4B02
comforted,FEA740
moody,263F67
spread,034E6D
betraying,FF7F00
mellow,FE9829
enlightened,B2DB11
returning,E49202
crash,41A84D
degree,F1B62A
thru,312675
afternoon,99D013
shock,FFF700
dressed,552966
invincible,E4010A
bought,26874
original,CB1F13
frail,07548A
drowsy,E49202
melting,0A3B8A
organized,552966
focused,394378
struggling,017C8C
surface,2E9127
shaky,FDD93D
sentimental,4E5F7B
regardless,18213E
childish,283152
rolling,7D1842
matt,99D013
stabbing,84892
creepy,FFD93C
holy,FF4B02
included,FB9A27
stabbed,99CF15
quality,1B2958
warmed,00734E
renewed,84892
bond,263D67
dress,FF4B02
covered,E4010A
catching,9256A0
round,E97802
punished,992F93
bare,FD9927
overcome,28ADCE
shed,FF7F00
earned,1E3869
improved,312675
surprised,FDD93D
profound,3688BA
impending,A5238D
complicated,40B6B8
previous,64B822
wild,7EC31B
senior,28669F
split,99D013
sliding,FF1A00
recent,552966
incompetent,F30157
green,F1B62A
dirt,004E6F
misunderstood,FFFF4F
ignorant,235C93
scary,41B3BD
sensitive,41B3BD
color,41A84D
stoned,9C0047
unique,FE9901
naughty,E6C637
cynical,FFFF4F
unlike,017E94
stretched,595884
chicken,034E6D
christian,28669F
welcomed,FD0100
festive,84892
sucking,00696F
equal,C36619
affected,FFD801
resentful,FFD801
hundred,FF7F1C
unimportant,394378
headed,FDBF2C
excellent,FD0100
double,FEA53F
validated,00696F
sticking,3A578F
quick,3FB6BA
released,FF7F00
nuts,F70059
mum,99D013
stopping,263D67
uncertain,0A3B8A
expressed,394378
chipper,1B2958
foreign,017E94
mighty,CB1F13
professional,552966
sicker,283152
antisocial,B2DB11
bush,14872
specific,034E6D
sickly,FEA53F
artistic,F70059
balanced,EA3137
wretched,F3026D
elated,017E94
shattered,E49202
tremendous,E6AB0F
driven,FDBF2C
underneath,18213E
swell,0B4FA0
protective,FEA740
l,14872
stagnant,263F67
apprehensive,A5238D
throbbing,00553A
funky,FDD93B
panicky,992F93
weary,07548A
pre,FD9927
bar,A5238D
stiff,2D6E8A
female,00553A
bruised,FE9901
incapable,F44387
noticed,394378
thick,3A578F
disoriented,CB1F13
plane,187429
material,B2DB11
smooth,017C8C
unstable,3A4AA1
active,FFA401
gentle,FB9A27
center,FFD93C
encouraged,E97802
key,283152
bone,2C558B
record,00553A
blown,043F69
friendly,E97802
land,312675
male,004E6F
wrath,274784
twenty,11581C
average,11581C
built,E6C637
fatter,2C558B
unappreciated,C36619
pouring,015B5C
added,C80027
smothered,9256A0
itchy,0B4FA0
boss,00553A
frozen,004E6F
tipsy,004E6F
grand,187429
taught,EA3137
unhealthy,FE9829
various,243C96
skinny,27975
gloomy,FB9A27
terrified,3A578F
raped,FF7F00
racing,FD0100
size,17977
meaningful,2D6E8A
individual,A5238D
chocolate,F3026D
doomed,FEA53F
jaded,FD9927
dangerous,9256A0
idiotic,FE9829
false,1E3869
achy,41A84D
valid,CB1F13
expecting,F30172
heartbroken,3A4AA1
addicted,FEA740
fatigued,FD9927
whining,99D013
buried,99D013
pleasant,7D1842
adventurous,FD9927
bursting,0A3B8A
helpful,27975
laid,4E5F7B
aching,263D67
committed,187429
greedy,263F67
meaningless,FDBF2C
unsatisfied,EA3137
improving,F3026D
political,99001E
considered,243C96
shocked,3A578F
chinese,FDD93D
violent,C80027
wronged,552966
ben,41B3BD
french,E6AB0F
poetic,E4010A
scattered,992F93
vague,FF1A00
dun,FF6600
precious,2E9127
separate,FD9927
surrounding,FEA53F
centered,E4010A
visiting,FFD801
irritable,3FB6BA
camp,C36619
vain,7EC31B
abused,40B6B8
sober,FF4B02
dramatic,2E9127
dependent,FFA401
silent,E49202
endless,99001E
unfulfilled,2D6E8A
hip,FEA740
irrational,0A3B8A
freezing,2E9127
brick,FFB300
cast,41B3BD
intruding,7C5081
alert,043F69
moral,F3026D
pessimistic,14872
surreal,004E6F
entering,F30263
answering,E49202
placed,0A3B8A
musical,CB1F13
defensive,FF7F1C
restricted,99CF15
master,14872
enormous,FE9829
depressing,F30172
twisted,263F67
fellow,FFFF4F
saved,2C558B
larger,E6C637
relaxing,FF7F1C
stinging,41B3BD
completed,FF7F1C
confined,07548A
draining,99001E
ultimate,40B6B8
irresponsible,C80027
valuable,E4010A
sympathetic,64B822
infinite,283152
patient,273E67
naive,9256A0
routine,017E94
unusual,017E94
dripping,FD0100
hypocritical,017E94
clever,3A4AA1
dejected,0B4FA0
novel,E97802
graduate,F70059
brilliant,FD0100
feminine,F30263
determined,F3026D
jittery,17977
freshman,017C8C
temporary,FEA740
distracted,14872
cozy,552966
shouting,F70059
accurate,196C62
basic,FEA53F
unreal,99001E
exploding,243C96
destined,196C62
competent,034E6D
homeless,C80027
religious,E4010A
square,FFD801
harsh,595884
washed,263F67
cruel,FE992D
brown,243C96
stressful,3688BA
lonesome,552966
separated,235C93
percent,08468F
tingly,F30172
direct,00696F
contributing,CB1F13
inevitable,273E67
frightened,FFD801
associated,992F93
planned,F44387
healing,1B2958
sticky,1E3869
drugged,FF4B02
pink,043F69
rare,9C0047
swallowed,FF7F1C
approaching,E0192C
humiliated,017E94
upbeat,C80027
sheepish,FED73C
thirsty,41B3BD
rose,950125
reluctant,99001E
quarter,FF7F00
stretch,A5238D
cream,9256A0
whiny,0A3B8A
listless,C80027
famous,C36619
mountain,FED73C
petty,FDD93B
trusted,1B2958
curious,3688BA
humbled,B2DC10
disturbed,2E9127
choking,1B2958
tingling,E6C637
resolved,27975
trembling,017E94
mediocre,18213E
swelling,034E6D
discontent,B2DB11
spoken,FFF700
stifled,99CF15
swollen,CB1F13
dehydrated,2D6E8A
assured,FFD801
fitting,FDD93B
developed,7EC31B
envious,043F69
impatient,00696F
invited,B2DB11
dreadful,FEA53F
panicked,2D6E8A
destroyed,043F69
lean,F30263
ambivalent,B2DC10
sincere,263F67
innocent,A5238D
adequate,7EC31B
realizing,F30263
japanese,312675
supported,E97802
reassured,273E67
farther,FDD93B
ancient,E4302F
unwelcome,4E5F7B
junior,352C65
goofy,017C8C
twisting,3FB6BA
paralyzed,2C558B
misplaced,B2DB11
obsessed,FFF700
wound,E0192C
upper,F44387
criminal,28ADCE
stranded,273E67
continuing,73207C
witty,1B2958
banging,FFD801
spare,14872
essential,196C62
winning,3688BA
shaken,11581C
traveling,F30172
inappropriate,273E67
lowest,3A578F
stunning,FDD93B
careful,FF6600
radiating,99CF15
dumped,3A4AA1
reasonable,B2DB11
sold,0B4FA0
unknown,08468F
unclean,1E3869
rotting,4A688C
clueless,07548A
local,196C62
typical,C80027
stone,3A4AA1
opposed,FF4B02
neutral,F30157
relevant,26874
inept,C80027
confusing,E0192C
cheesy,A5238D
minor,9C0047
climbing,FFD801
heavier,235C93
described,595884
required,3FB6BA
valued,FDD93B
instant,08468F
modern,99CF15
convinced,4E5F7B
slave,196C62
bastard,312675
mild,2E9127
controlled,08468F
crowded,0B4FA0
promised,07548A
starving,992F93
adam,017E94
loopy,283152
intimate,28669F
continued,273E67
net,235C93
stretching,3A4AA1
official,00744E
west,FF7F1C
discovered,FFD801
crushing,FFA401
frustrating,7EC31B
sappy,F44387
iffy,3A4AA1
wed,1E3869
manic,B2DC10
developing,312675
stolen,015B5C
persons,11581C
radio,27975
arguing,E97802
mere,FFD801
complex,9C0047
chosen,FFB200
injured,0A3B8A
downright,352C65
crossed,FB9A27
flush,015B5C
bomb,28ADCE
burdened,3A4AA1
raining,28669F
remembered,9256A0
base,11581C
available,E6AB0F
mid,FB9A27
spreading,FDD93D
consumed,41A84D
slack,4E5F7B
stirring,2D6E8A
dazed,352C65
pet,F30157
saving,263F67
unaccomplished,E4302F
diet,FEA740
received,26874
virgin,274784
metal,9C0047
enthusiastic,1B2958
lingering,C80027
tender,84892
seeping,EA3137
swamped,00553A
frisky,7D1842
unnecessary,017C8C
ultra,FEA53F
comforting,99001E
flip,FEA53F
blocked,28ADCE
heartless,07548A
superficial,FED73C
ordinary,E6C637
congested,FDD93D
brief,4A688C
cracking,28669F
review,595884
grey,1E3869
pulsing,1B2958
scratch,4E5F7B
cancer,FF7F00
bass,595884
invested,263F67
regretful,11581C
smashing,312675
edgy,FDBF2C
alt,F44387
lesser,28669F
firm,017E94
ungrateful,273E67
contented,2D6E8A
vice,E4302F
bold,99001E
pro,FF7F1C
disillusioned,E49202
japan,283152
matured,FF1A00
teenage,00744E
spanish,243C96
shining,41B3BD
nicer,28ADCE
seven,FB9A27
permanent,41B3BD
aged,99CF15
faded,FFFF4F
engaged,FF1A00
mass,312675
increasing,FFF700
boiling,FFA401
supporting,FFA401
disappointing,FF1A00
yelled,FEA740
deflated,26874
cleansed,352C65
switch,3688BA
respected,E0192C
coward,263F67
magical,CB1F13
bouncy,015B5C
extended,C36619
redundant,263D67
wired,FDD93B
destructive,40B6B8
plastic,E6AB0F
china,263D67
perky,4E5F7B
latter,3FB6BA
agitated,FDBF2C
vast,4E5F7B
critical,9256A0
intellectual,283152
biting,E97802
dissatisfied,0A3B8A
troubled,FE992D
commercial,235C93
cursed,27975
euphoric,FDD93B
expanding,0B4FA0
backed,9C0047
adrift,FE9829
guest,017C8C
inform,00553A
fired,00553A
logical,352C65
bipolar,394378
rebel,FF7F00
teen,043F69
uplifted,235C93
directed,196C62
internal,E4010A
dam,C80027
domestic,00734E
disappearing,015B5C
existing,3688BA
freer,0A3B8A
romance,3688BA
rights,FE9901
sheer,9256A0
acid,F30263
philosophical,84892
eight,FB9A27
ideal,F30157
national,595884
fancy,FEA740
bye,273E67
former,40B6B8
winding,41A84D
downhill,3688BA
leaning,64B822
clingy,F30263
chatty,283152
upcoming,017C8C
connecting,3A578F
tested,274784
psycho,FDD93B
concerning,243C96
tourist,FED73C
looser,F1B62A
mushy,E4302F
dated,235C93
constrained,196C62
slapped,C36619
glum,41A84D
stuffy,FEA740
vibrating,17977
nagging,187429
oppressed,FDBF2C
intended,FDD93B
undeserving,9C0047
devastated,950125
acceptable,3688BA
eternal,043F69
packed,41B3BD
mopey,11581C
teeny,99001E
zero,034E6D
multiple,FF6600
swept,3FB6BA
chilled,7C5081
wobbly,00734E
unpleasant,B2DC10
rent,263D67
hesitant,FE9829
amused,4A688C
fixed,F3026D
faced,017C8C
effective,FFF700
peculiar,E49202
sociable,7EC31B
recovered,FDD93B
gorgeous,274784
fatigue,FFF700
lifeless,7C5081
impressed,FFB300
shamed,196C62
sounding,FED73C
expensive,18213E
fifth,08468F
financial,FEA53F
bizarre,F44387
indebted,00553A
accepting,FD0100
virtuous,41A84D
twelve,FFB200
severe,7D1842
shifting,552966
bay,40B6B8
deserving,B2DC10
educated,EA3137
rational,73207C
reborn,7C5081
indescribable,2D6E8A
immediate,FF4B02
bonded,17977
hostile,992F93
hideous,FD0100
south,FE9829
manly,FDD93D
haunted,394378
sweaty,F70059
healed,196C62
academic,00734E
unfinished,F30263
wiser,034E6D
pretentious,FFA401
arrogant,E4010A
subtle,243C96
greasy,043F69
talkative,FF4B02
entertaining,26874
baking,FF7F1C
bland,043F69
triumphant,FFB300
bust,CB1F13
amazed,394378
handled,283152
dried,3A578F
messy,E4010A
mini,CB1F13
named,40B6B8
ecstatic,40B6B8
parked,C80027
tail,14872
fried,0A3B8A
score,FF4B02
disjointed,950125
tortured,B2DB11
delicate,F44387
drastic,312675
twilight,FD9927
trusting,2E9127
graduated,FFD801
consuming,312675
urgent,F1B62A
concrete,3A4AA1
affecting,243C96
humble,41A84D
cocky,28ADCE
beneficial,FFF700
punk,263F67
sufficient,FF7F00
practicing,EA3137
signed,552966
raised,273E67
rebellious,B2DB11
introspective,FE9901
spiraling,187429
pointing,B2DC10
overloaded,A5238D
divine,015B5C
steady,E6AB0F
questioning,FED73C
comic,1E3869
cheery,99001E
contrary,F1B62A
supportive,FEA53F
gold,FFB300
alternate,243C96
terrific,FE9901
lang,FD0100
stripped,18213E
catholic,FED73C
shittier,FDD93D
par,FD9927
filthy,394378
imposing,26874
attacking,00744E
bouncing,C36619
dedicated,196C62
autumn,2D6E8A
united,00553A
cracked,FF7F00
damaged,FEA53F
honey,FFFF4F
whiney,FE992D
talented,08468F
deserted,FFD93C
realistic,18213E
latest,F44387
controlling,FE9901
bubbling,73207C
billion,FE992D
sickish,E6AB0F
sheltered,84892
pent,FEA53F
suspicious,FF7F1C
shameful,0B4FA0
electric,99CF15
log,7C5081
tangible,0A3B8A
legal,1B2958
wood,F30157
competing,F30263
slutty,EA3137
flash,C80027
imagined,C80027
resting,26874
performing,950125
solved,FF1A00
coherent,F30157
british,950125
squishy,FEA740
covering,FE9829
according,27975
sour,FE9901
invigorated,3A4AA1
tainted,B2DC10
trade,FE9901
choked,FD9927
unnatural,263D67
frantic,3A4AA1
north,FF4B02
strained,273E67
peachy,FF7F00
merry,11581C
prettier,11581C
sorted,3688BA
overlooked,3A4AA1
carefree,3A4AA1
asian,FFF700
serene,40B6B8
fleeting,FFA401
suspect,FFB200
chilly,7EC31B
reckless,FEA740
distinct,B2DC10
seeking,64B822
obsessive,73207C
bragging,99001E
clumsy,196C62
jet,4A688C
fifteen,017C8C
polite,F30172
golden,E97802
distressed,3A4AA1
joined,0A3B8A
starved,00553A
cornered,992F93
definite,FFD801
articulate,41A84D
substantial,28ADCE
applied,27975
unsteady,F70059
disheartened,00696F
aggressive,07548A
addressed,F44387
joyful,187429
studied,E6AB0F
blanket,F1B62A
anonymous,FD9927
bereft,1B2958
jake,FF6600
constricted,263D67
paris,00734E
rolled,E49202
conservative,4A688C
spaced,F30157
unbearable,28ADCE
enjoyable,394378
stubborn,394378
checked,00553A
woods,274784
strung,E6C637
alcoholic,B2DC10
queer,7EC31B
fairy,187429
fifty,F30263
tony,0B4FA0
unconditional,27975
aimless,FFB200
liquid,FFFF4F
model,08468F
jumpy,41A84D
elementary,E6C637
charged,C80027
liberal,00696F
thrilled,84892
defined,84892
whispered,FF7F00
eager,FED73C
gripping,73207C
advanced,4A688C
occasional,28ADCE
absorbed,F1B62A
giggly,CB1F13
standard,017E94
wounded,3A578F
legitimate,00744E
fond,40B6B8
chin,FFFF4F
peckish,E4302F
frazzled,2C558B
salt,9C0047
minus,187429
orange,FEA53F
medical,28ADCE
grave,4E5F7B
morose,552966
owed,FFD93C
beloved,C80027
tragic,C36619
texas,034E6D
reflective,C80027
ant,E0192C
insensitive,263F67
lurking,F3026D
challenging,E4302F
struck,9C0047
neat,FF4B02
elaborate,F30157
desired,FEA53F
piercing,41B3BD
bugs,84892
lesbian,B2DB11
apparent,2C558B
grouchy,F1B62A
foggy,273E67
spontaneous,18213E
lit,FEA53F
crippled,14872
root,992F93
floaty,2C558B
traditional,84892
uptight,14872
bittersweet,017E94
constructive,40B6B8
dishonest,FFD93C
daring,FF6600
loyal,99D013
handed,14872
refreshing,F70059
boxed,FFB300
owned,FFFF4F
blonde,FFD93C
sneaking,F44387
invading,E97802
illegal,2D6E8A
phantom,00734E
stalking,3A578F
mundane,3688BA
recovering,0A3B8A
limp,FF4B02
crabby,034E6D
pale,187429
unfortunate,F3026D
gigantic,18213E
aroused,07548A
smashed,99CF15
flustered,0A3B8A
raising,043F69
lone,F30263
milk,4A688C
smacking,1E3869
cleaned,41A84D
threatening,99D013
glorious,C36619
trivial,FFFF4F
perpetual,C36619
fatty,950125
favourite,FF1A00
fourth,FD9927
withdrawn,FDBF2C
casual,73207C
flushed,0B4FA0
corrupt,9256A0
sunny,F70059
futile,F30157
august,2C558B
patriotic,FDBF2C
babbling,552966
satisfying,C36619
flipping,3688BA
hateful,00734E
resigned,043F69
disorganized,17977
emotionless,196C62
stated,1E3869
gray,FF7F00
frumpy,3A578F
drunken,84892
insulting,9C0047
sarcastic,FF6600
hectic,11581C
scratching,00696F
closet,FD0100
charitable,274784
deaf,CB1F13
flood,274784
abnormal,FDBF2C
primary,992F93
solo,FFD93C
outdoor,FB9A27
righteous,FFF700
distraught,99001E
military,E97802
sacred,FF4B02
drowned,64B822
dependant,235C93
colour,7D1842
reserved,9256A0
hammered,EA3137
enemy,FFD93C
groovy,26874
corny,FDD93B
thoughtful,7D1842
presented,FF4B02
attending,1E3869
german,7C5081
delicious,CB1F13
spectacular,235C93
sassy,28669F
leaking,99001E
doubtful,99CF15
mourning,FB9A27
haunting,394378
absent,4A688C
toe,3FB6BA
underlying,FDD93B
irritating,99CF15
grimy,0B4FA0
overweight,64B822
wrecked,017C8C
classic,017C8C
advance,FFB300
unbalanced,FF1A00
impotent,FE9901
lee,FF1A00
blamed,FB9A27
obnoxious,235C93
unbelievable,07548A
thirty,08468F
complacent,FE992D
possessed,552966
glowing,A5238D
repressed,FFA401
soaking,C36619
spiffy,3A578F
grasping,274784
smoked,3688BA
cautious,99D013
proved,FFB200
east,41A84D
jolly,3688BA
appealing,FDD93B
pampered,73207C
sweating,1E3869
proof,043F69
naming,99001E
reverse,11581C
increased,FD0100
moist,99001E
digital,99001E
uncreative,FDD93B
defending,FD9927
melancholic,FF6600
crafty,FFA401
linked,263F67
sixteen,00553A
restrained,3688BA
disgustingly,043F69
freed,00553A
pat,E4010A
pitiful,552966
efficient,FB9A27
protecting,017C8C
competitive,E4010A
proven,99D013
downtown,00734E
yearning,992F93
nonsense,41A84D
heather,99D013
icy,243C96
trained,235C93
desert,CB1F13
suspended,F44387
pointed,F30263
spoilt,14872
downstairs,FFB200
bawling,FFFF4F
greek,7EC31B
participating,FE9829
gathering,FFB200
stock,99001E
painted,84892
apt,FF7F00
piano,FFFF4F
affectionate,A5238D
singled,73207C
damp,FB9A27
cluttered,73207C
absurd,F30263
disrespectful,73207C
convicted,283152
stalked,3688BA
smallest,FFF700
hotter,84892
degraded,99D013
despondent,00553A
typed,243C96
demanding,F70059
jewish,18213E
downward,E6AB0F
sounded,B2DB11
upstairs,FDD93D
hack,41B3BD
contemplative,14872
weightless,F1B62A
chained,07548A
bull,3A4AA1
swirling,00744E
tensing,552966
racist,B2DC10
prone,FE9829
combined,FDBF2C
cultural,FED73C
snapping,394378
motherless,FF7F1C
weepy,3A4AA1
belittled,99CF15
winded,64B822
mistaken,11581C
twin,4E5F7B
blissful,14872
blushing,E6AB0F
central,F44387
sophisticated,FE9901
nude,FF1A00
obese,034E6D
chubby,64B822
seedy,FEA53F
indulgent,7D1842
painless,00696F
conceited,FFA401
chaotic,034E6D
secluded,2C558B
flawed,FFB300
rewarding,FF7F00
polar,27975
brushed,263D67
teary,11581C
revealing,28669F
wonky,E97802
raging,99D013
jumbled,263F67
devoid,00553A
transported,017E94
dang,F70059
pensive,017C8C
shiny,273E67
speeding,3688BA
whit,FEA740
recorded,00734E
juvenile,17977
consistent,017E94
revealed,043F69
masochistic,FEA53F
blunt,E6AB0F
hooked,FFFF4F
peak,235C93
trampled,273E67
confirmed,FF4B02
dandy,992F93
agreed,196C62
friendless,273E67
newborn,595884
feat,E6C637
soaked,FFD93C
estranged,9256A0
initial,3A4AA1
swaying,196C62
rubber,4E5F7B
weeping,99D013
picky,CB1F13
unexpected,00744E
frank,F3026D
submissive,274784
lonelier,FDBF2C
prize,312675
aggravated,E4010A
erased,FEA740
churning,FDD93D
lasting,B2DB11
decadent,FFD801
chilling,07548A
remaining,E97802
irish,004E6F
executed,28669F
admitted,FD9927
passive,26874
handicapped,F30263
recognized,11581C
epic,FFA401
visual,FF7F1C
volunteer,FF7F00
straining,FDD93D
assuming,FF1A00
flooding,11581C
purple,9256A0
flown,E4302F
authentic,11581C
materialistic,4E5F7B
alike,F44387
unfit,00553A
bent,E0192C
practical,99D013
unstoppable,F44387
bubbly,EA3137
easiest,E4302F
civil,F70059
highest,FD0100
universal,017E94
unoriginal,FFD801
loaded,73207C
cleansing,263D67
indecisive,FF6600
bearing,552966
bleak,73207C
international,FF6600
cultured,017E94
stirred,394378
regressing,C36619
collective,352C65
represented,84892
forgiving,394378
rooted,7EC31B
fearful,FF7F1C
oozing,41B3BD
extraordinary,14872
designed,00744E
revived,7D1842
slim,FF1A00
handy,283152
established,FDD93B
warming,17977
idle,2D6E8A
puffy,FDBF2C
battered,26874
excessive,08468F
inviting,FE9829
portrayed,187429
western,F30157
sneak,FFD93C
disturbing,283152
horrified,4A688C
sexier,99D013
delirious,FFFF4F
crisp,004E6F
amusing,B2DC10
upsetting,00734E
blinded,015B5C
transparent,FDD93B
psychic,9C0047
neurotic,FEA740
underwater,00734E
prior,7C5081
freaky,312675
fitter,FF1A00
yellow,FEA53F
prime,99CF15
punishing,07548A
enraged,B2DB11
ace,FF6600
smothering,FFD93C
native,26874
mocking,034E6D
wan,EA3137
remorseful,FE9901
witnessed,41B3BD
caressing,E6AB0F
wary,1E3869
forsaken,9C0047
splitting,235C93
guarded,043F69
dire,015B5C
relative,14872
tiniest,2C558B
published,950125
dreamed,FFF700
suitable,E0192C
functioning,41A84D
appreciative,00553A
unlucky,4E5F7B
crucial,84892
tapped,73207C
solitary,394378
sales,552966
silky,950125
encouraging,FFA401
defective,FE992D
unexplainable,07548A
saucy,FEA740
victorious,274784
sport,F3026D
strip,3FB6BA
european,017E94
timid,3FB6BA
expert,C36619
sole,263D67
compelling,017E94
associate,F70059
indian,7EC31B
instinct,FFA401
fluffy,FFF700
homicidal,196C62
randy,FFB200
ridden,1E3869
playful,E4302F
classy,FF1A00
corporate,FFB300
trial,00553A
swinging,FEA53F
morbid,00696F
repetitive,FDD93D
iron,3FB6BA
italian,017E94
pan,034E6D
accountable,26874
crossing,18213E
counter,FEA740
shocking,950125
royal,FFD801
refer,FDD93B
remiss,FF1A00
immune,F70059
joyous,64B822
pulsating,034E6D
cheering,E49202
gooey,FDD93D
keen,034E6D
unresolved,273E67
abstract,41B3BD
hurtful,FB9A27
desirable,F30263
alternative,00744E
buzzing,E4302F
devoted,FE9901
gothic,043F69
aging,FFD93C
altered,1B2958
sear,26874
medium,FFFF4F
scratched,043F69
mysterious,015B5C
intoxicated,B2DC10
psychotic,27975
suppressed,C80027
amiss,394378
strangled,B2DB11
introverted,1B2958
unpretty,E4010A
supreme,F70059
functional,27975
fluid,FDD93B
hilarious,950125
crazed,27975
repeated,2C558B
victimized,99CF15
pursuing,FFA401
technical,2E9127
cursing,E97802
luckier,E6C637
remote,187429
mistreated,017E94
condemned,263D67
hormonal,352C65
speechless,F30172
desolate,07548A
kindred,F44387
discombobulated,3A4AA1
itching,26874
secondary,FFFF4F
unreasonable,14872
trashy,00744E
breathless,FF1A00
joint,E97802
masculine,F30172
abroad,3FB6BA
drying,F30263
lively,FF1A00
joking,FFB200
bohemian,950125
contagious,FDD93D
irrelevant,9256A0
apologetic,26874
releasing,FB9A27
premature,E0192C
adjusted,243C96
unlikely,3688BA
stimulated,FE9901
numbing,C36619
hibernating,EA3137
infected,7EC31B
wistful,18213E
print,950125
moaning,08468F
whispering,2E9127
overdue,3A4AA1
slick,E49202
divided,2C558B
equipped,F70059
fourteen,3A578F
union,CB1F13
escaped,2C558B
mexican,07548A
disloyal,015B5C
melodramatic,263D67
dodgy,FFF700
entertained,99001E
narrow,235C93
homey,3A4AA1
murderous,243C96
skinnier,CB1F13
ironic,FFA401
mainstream,9256A0
bow,F70059
observing,E97802
vicious,263F67
emerging,352C65
unnoticed,7C5081
scratchy,1B2958
sublime,FF7F1C
formal,FB9A27
wasteful,394378
outdated,00734E
incident,263D67
teasing,0B4FA0
curled,9C0047
possessive,243C96
unorganized,99001E
landed,B2DC10
embarrassing,64B822
mortal,FF7F1C
compulsive,FF4B02
acknowledged,283152
tickling,F1B62A
sinister,28ADCE
induced,E6AB0F
immortal,FDD93D
divorced,11581C
undesirable,00744E
maternal,F30172
tumbling,FF4B02
reliable,2D6E8A
offensive,1E3869
ordered,196C62
tangled,263D67
heated,043F69
managing,18213E
subconscious,11581C
butch,FEA740
costume,E4302F
disgruntled,FF1A00
generic,73207C
fooling,B2DC10
stereotypical,3A4AA1
toxic,99CF15
parallel,394378
visible,FFF700
daunted,9256A0
stumbling,7D1842
exclusive,99D013
careless,E0192C
trendy,00734E
knowledgeable,2C558B
contained,99CF15
invalid,7C5081
southern,273E67
chemical,C80027
pending,2D6E8A
puzzled,F30263
cleared,73207C
ringing,FF7F00
napping,FD9927
vocal,034E6D
loneliest,00734E
faithful,FE992D
harassed,274784
numerous,00696F
hazy,18213E
attempted,7EC31B
unrequited,64B822
oldest,00553A
convenient,28ADCE
straw,394378
incoherent,B2DB11
furious,2C558B
crystal,26874
sunk,26874
adopted,A5238D
radical,E97802
unanswered,FFFF4F
noble,9C0047
insufficient,F1B62A
imminent,FD0100
russian,28ADCE
untrue,73207C
weekly,394378
weighted,00696F
persecuted,E4010A
spiteful,595884
foul,11581C
compatible,FFB200
sloppy,1E3869
saturated,CB1F13
irate,273E67
psychological,F3026D
charming,017E94
scientific,C36619
sneaky,4A688C
erotic,2C558B
neglectful,99001E
kindly,FF1A00
melted,FE992D
dedicate,E4010A
impulsive,FED73C
ongoing,235C93
cherished,FEA740
allergic,274784
cloudy,FFB300
produced,017E94
marching,4A688C
